Timestamp,Structure: Cohesiveness,Structure: Complexity,Structure: Aesthetics,(Optional) Do you have any noteworthy thoughts on this structure?,Structure: Cohesiveness,Structure: Complexity,Structure: Aesthetics,(Optional) Do you have any noteworthy thoughts on this structure?,Structure: Cohesiveness,Structure: Complexity,Structure: Aesthetics,(Optional) Do you have any noteworthy thoughts on this structure?,Structure: Cohesiveness,Structure: Complexity,Structure: Aesthetics,(Optional) Do you have any noteworthy thoughts on this structure?,Structure: Cohesiveness,Structure: Complexity,Structure: Aesthetics,(Optional) Do you have any noteworthy thoughts on this structure?,Structure: Cohesiveness,Structure: Complexity,Structure: Aesthetics,(Optional) Do you have any noteworthy thoughts on this structure?,Structure: Cohesiveness,Structure: Complexity,Structure: Aesthetics,(Optional) Do you have any noteworthy thoughts on this structure?,Structure: Cohesiveness,Structure: Complexity,Structure: Aesthetics,(Optional) Do you have any noteworthy thoughts on this structure?,Structure: Cohesiveness,Structure: Complexity,Structure: Aesthetics,(Optional) Do you have any noteworthy thoughts on this structure?,Structure: Cohesiveness,Structure: Complexity,Structure: Aesthetics,(Optional) Do you have any noteworthy thoughts on this structure?
5/7/2024 14:23:12,Disagree,Disagree,Disagree,,Agree,Disagree,Disagree,,Disagree,Disagree,Disagree,,Disagree,Strongly Disagree,Strongly Disagree,,Disagree,Strongly Disagree,Disagree,,Strongly Disagree,Strongly Disagree,Strongly Disagree,,Disagree,Disagree,Strongly Disagree,,Strongly Agree,Neutral,Agree,,Neutral,Disagree,Disagree,,Disagree,Disagree,Disagree,
5/13/2024 15:01:50,Disagree,Disagree,Strongly Disagree,,Disagree,Disagree,Strongly Disagree,,Neutral,Disagree,Disagree,,Disagree,Disagree,Disagree,,Disagree,Neutral,Disagree,,Disagree,Disagree,Disagree,,Disagree,Disagree,Strongly Disagree,,Agree,Neutral,Agree,,Disagree,Disagree,Neutral,,Neutral,Disagree,Disagree,
5/13/2024 15:02:16,Strongly Disagree,Disagree,Strongly Disagree,Poopy ,Neutral,Agree,Neutral,Better than the first,Disagree,Neutral,Disagree,,Disagree,Neutral,Disagree,,Strongly Disagree,Disagree,Disagree,,Strongly Disagree,Neutral,Strongly Disagree,,Strongly Disagree,Agree,Strongly Disagree,,Strongly Agree,Neutral,Agree,,Neutral,Neutral,Disagree,,Neutral,Neutral,Agree,
5/13/2024 15:03:06,Disagree,Disagree,Disagree,,Agree,Disagree,Disagree,,Disagree,Disagree,Disagree,,Disagree,Strongly Disagree,Strongly Disagree,,Disagree,Strongly Disagree,Disagree,,Strongly Disagree,Strongly Disagree,Strongly Disagree,,Disagree,Disagree,Strongly Disagree,,Strongly Agree,Neutral,Agree,,Neutral,Disagree,Disagree,,Disagree,Disagree,Disagree,
5/13/2024 15:18:23,Strongly Disagree,Disagree,Strongly Disagree,dog water for real ,Agree,Agree,Neutral,,Neutral,Disagree,Neutral,,Strongly Disagree,Strongly Disagree,Strongly Disagree,,Agree,Neutral,Neutral,,Agree,Neutral,Neutral,,Agree,Agree,Agree,,Strongly Agree,Strongly Agree,Strongly Agree,,Disagree,Agree,Disagree,,Agree,Neutral,Neutral,
5/13/2024 16:05:37,Disagree,Agree,Agree,,Agree,Strongly Agree,Agree,,Agree,Agree,Agree,,Disagree,Disagree,Agree,,Strongly Disagree,Neutral,Agree,,Disagree,Agree,Agree,,Disagree,Disagree,Disagree,,Strongly Agree,Strongly Agree,Strongly Agree,control? looks human-made,Agree,Neutral,Agree,,Agree,Agree,Strongly Agree,
5/15/2024 13:19:36,Disagree,Agree,Disagree,,Neutral,Agree,Agree,,Disagree,Agree,Agree,,Disagree,Agree,Agree,,Disagree,Agree,Strongly Agree,,Strongly Disagree,Disagree,Disagree,,Strongly Disagree,Disagree,Neutral,,Strongly Agree,Strongly Agree,Strongly Agree,,Disagree,Agree,Agree,,Disagree,Agree,Agree,
5/15/2024 13:19:38,Disagree,Neutral,Disagree,,Neutral,Agree,Neutral,,Neutral,Agree,Neutral,,Disagree,Agree,Disagree,,Disagree,Agree,Neutral,,Disagree,Agree,Neutral,,Agree,Disagree,Neutral,,Strongly Agree,Strongly Agree,Agree,,Agree,Neutral,Agree,,Neutral,Agree,Neutral,
5/18/2024 14:05:54,Agree,Neutral,Agree,,Agree,Disagree,Agree,,Disagree,Strongly Disagree,Strongly Disagree,,Disagree,Agree,Disagree,,Strongly Disagree,Strongly Disagree,Strongly Disagree,,Strongly Disagree,Strongly Disagree,Strongly Disagree,,Neutral,Disagree,Disagree,,Strongly Agree,Agree,Neutral,,Agree,Agree,Agree,,Agree,Agree,Agree,
5/18/2024 19:57:01,Disagree,Disagree,Disagree,,Neutral,Neutral,Disagree,,Disagree,Strongly Disagree,Disagree,,Agree,Disagree,Disagree,,Strongly Disagree,Strongly Disagree,Strongly Disagree,,Disagree,Disagree,Disagree,,Agree,Neutral,Neutral,,Disagree,,Disagree,,Disagree,Disagree,Disagree,,Agree,Neutral,Agree,
5/20/2024 11:45:07,Neutral,Neutral,Disagree,,Strongly Agree,Strongly Agree,Strongly Agree,,Agree,Neutral,Disagree,,Neutral,Neutral,Disagree,,Disagree,Disagree,Disagree,,Disagree,Disagree,Disagree,,Neutral,Neutral,Neutral,,Agree,Neutral,Neutral,,Neutral,Disagree,Agree,,Agree,Agree,Agree,
5/20/2024 12:27:14,Disagree,Disagree,Disagree,,Agree,Agree,Neutral,,Disagree,Neutral,Disagree,,Strongly Disagree,Strongly Disagree,Strongly Disagree,,Disagree,Agree,Strongly Agree,,Strongly Disagree,Disagree,Disagree,,Disagree,Disagree,Disagree,,Strongly Agree,Strongly Agree,Strongly Agree,,Neutral,Disagree,Agree,,Neutral,Neutral,Agree,
5/20/2024 14:08:11,Disagree,Agree,Disagree,,Agree,Disagree,Agree,,Disagree,Disagree,Disagree,,Disagree,Disagree,Agree,,Disagree,Agree,Neutral,,Strongly Disagree,Strongly Disagree,Strongly Disagree,,Strongly Disagree,Agree,Strongly Disagree,,Agree,Neutral,Agree,,Agree,Neutral,Agree,,Agree,Neutral,Agree,
5/22/2024 10:10:59,Disagree,Neutral,Disagree,,Neutral,Neutral,Disagree,,Neutral,Agree,Neutral,,Agree,Disagree,Disagree,,Strongly Disagree,Strongly Disagree,Strongly Disagree,,Agree,Neutral,Neutral,,Neutral,Disagree,Disagree,,Strongly Agree,Strongly Agree,Strongly Agree,,Neutral,Disagree,Disagree,,Agree,Agree,Agree,
5/22/2024 12:15:56,Disagree,Neutral,Neutral,,Neutral,Neutral,Agree,,Agree,Disagree,Disagree,,Disagree,Strongly Disagree,Strongly Disagree,,Strongly Disagree,Strongly Disagree,Strongly Disagree,,Strongly Disagree,Strongly Disagree,Strongly Disagree,,Strongly Disagree,Strongly Disagree,Strongly Disagree,,Agree,Strongly Agree,Strongly Agree,,Disagree,Disagree,Disagree,,Agree,Agree,Agree,
5/22/2024 19:13:17,Disagree,Neutral,Neutral,,Neutral,Neutral,Agree,,Agree,Disagree,Disagree,,Disagree,Strongly Disagree,Strongly Disagree,,Strongly Disagree,Strongly Disagree,Strongly Disagree,,Strongly Disagree,Strongly Disagree,Strongly Disagree,,Strongly Disagree,Strongly Disagree,Strongly Disagree,,Agree,Strongly Agree,Strongly Agree,,Disagree,Disagree,Disagree,,Agree,Agree,Agree,